,album_date,artist_id,artist_name,mp3,track_id,track_length,track_name,track_pop,acousticness,danceability,duration_ms,energy,instrumentalness,key,liveness,loudness,mode,speechiness,tempo,time_signature,valence
0,2019-03-15,1OmOdgwIzub8DYPxQYbbbi,Will Clarke,https://p.scdn.co/mp3-preview/3a7475ac84150efed5c17a4d795a80deb556e6b2?cid=142c36ced4ff4aa68d784c0db9923467,10M4LamTX45jc2429kOs02,213583,Feeling Good,32,0.000493,0.797,213583,0.704,0.223,2,0.733,-7.682,1,0.0478,126.016,4,0.297
1,2019-03-15,1OmOdgwIzub8DYPxQYbbbi,Will Clarke,https://p.scdn.co/mp3-preview/9bd28eddc51cd45d8fe3b3b7d0a3d10037a0cc89?cid=142c36ced4ff4aa68d784c0db9923467,3shtpAnn50zMGC15TkyMQP,384761,Feeling Good - Tiger Stripes Remix,20,0.000355,0.795,384762,0.949,0.836,6,0.191,-6.29,0,0.0412,126.017,4,0.467
2,2019-03-01,6bxLLapj6NByiP5cr6jMeK,Matthias Tanzmann,https://p.scdn.co/mp3-preview/c1ec0c88d84775ff3f738b588301231c67405c62?cid=142c36ced4ff4aa68d784c0db9923467,6o9wbBMpSu1y2OPtUPQCZY,407893,The Treat,35,0.000202,0.807,407893,0.97,0.936,1,0.0779,-8.694,1,0.0638,123.008,4,0.771
3,2019-03-01,6bxLLapj6NByiP5cr6jMeK,Matthias Tanzmann,https://p.scdn.co/mp3-preview/9d1440b4c1029d1f7ab90d8f83cda272ac5cda33?cid=142c36ced4ff4aa68d784c0db9923467,2NEYd0OpUirKyEMpJABcvE,386194,Filthy,35,0.000196,0.807,386194,0.866,0.827,7,0.0736,-7.936,1,0.107,124.972,4,0.192
4,2019-02-15,50b6p8UF5dHfvjaN3GduG3,Marc Houle,https://p.scdn.co/mp3-preview/9421e8c0931b5218adf2955dbed197f92042735c?cid=142c36ced4ff4aa68d784c0db9923467,6fXqexaPaNoLfAdIgTT0lg,342865,Min And Soda,48,7.49e-05,0.761,342866,0.592,0.892,1,0.119,-8.326,1,0.0439,131.025,4,0.127
5,2019-02-15,50b6p8UF5dHfvjaN3GduG3,Marc Houle,https://p.scdn.co/mp3-preview/37d5ee596126ab3bdca3d2a58ff9a74e8ef5ace6?cid=142c36ced4ff4aa68d784c0db9923467,00wAL3PbcimmsqxpkLw5K1,414911,Car And Driver,21,0.000238,0.538,414912,0.923,0.915,1,0.111,-7.851,0,0.0525,126.975,4,0.0313
6,2019-02-08,5LGa1U6Mwiib6ocVuJItcG,Gettoblaster,https://p.scdn.co/mp3-preview/262431138babf4857d195cb1f0e49c4874412093?cid=142c36ced4ff4aa68d784c0db9923467,40wBXZJqCRqB2AmdVh6eOY,333544,Get Dat,26,4.84e-05,0.807,333544,0.917,0.938,1,0.0968,-7.148,0,0.0587,126.995,4,0.333
7,2019-01-25,113reBz1jA6rVxbXl55mlj,Rebūke,https://p.scdn.co/mp3-preview/f612a118592931c1e916d1e2f8b942b71d75f5fd?cid=142c36ced4ff4aa68d784c0db9923467,25jHZWxC5NFkaqT5Hb5uKS,381431,Jump Ship,38,0.0362,0.801,381432,0.859,0.951,7,0.0861,-8.901,1,0.0565,124.983,4,0.243
8,2019-01-25,113reBz1jA6rVxbXl55mlj,Rebūke,https://p.scdn.co/mp3-preview/5f8bcc2ebb58c468c432ceff96cd64abe6b16d5d?cid=142c36ced4ff4aa68d784c0db9923467,6A0Is2OjgK22ANYiuvFL0G,339317,The Pipe,53,0.0526,0.847,339317,0.75,0.924,7,0.0886,-7.811,1,0.074,125.992,4,0.375
9,2019-01-11,1OmOdgwIzub8DYPxQYbbbi,Will Clarke,https://p.scdn.co/mp3-preview/0da7fe053fdd371c46b25edd204267b2cb9b599b?cid=142c36ced4ff4aa68d784c0db9923467,1JtCW5UbBtbmXlnMhJHqWo,227160,Like A Girl,40,0.0048,0.776,227161,0.631,0.304,11,0.0938,-7.429,0,0.0432,124.994,4,0.0475
10,2018-12-28,7h9yW5sJS4vddfJ8nBSpxP,Steve Darko,https://p.scdn.co/mp3-preview/cbba148f0607706983b370ad67f26c5eedbf8589?cid=142c36ced4ff4aa68d784c0db9923467,4LMRvgnwgtl4YfjPceoLDu,211971,Whistle Work,39,0.00178,0.843,211972,0.88,0.228,2,0.107,-6.254,1,0.157,125.993,4,0.595
11,2018-12-28,7h9yW5sJS4vddfJ8nBSpxP,Steve Darko,https://p.scdn.co/mp3-preview/686fae0a2c35668647df99975f53641442c345d3?cid=142c36ced4ff4aa68d784c0db9923467,2wa3H8RkD94BOZ9dQouEc3,263695,My Hood,25,0.0184,0.868,263695,0.505,0.723,10,0.0892,-9.363,0,0.202,121.994,4,0.348
12,2018-12-21,3lSeZGCmgYasoeYml0hQY8,Tom Flynn,https://p.scdn.co/mp3-preview/be6de9ea7b6f7f44ddbfac738412d0017c426b5d?cid=142c36ced4ff4aa68d784c0db9923467,5KTHurbkWElVh4KkOmGn7S,359166,The Future,38,0.0112,0.804,359166,0.628,0.933,11,0.108,-12.175,1,0.0483,122.007,4,0.222
13,2018-12-21,3lSeZGCmgYasoeYml0hQY8,Tom Flynn,https://p.scdn.co/mp3-preview/a5f6032725db92abb7e27a40e4bbd3657d71275e?cid=142c36ced4ff4aa68d784c0db9923467,41V0kyJpvORyrb4mTADmVX,265032,The Future - Claude VonStroke Remix,25,0.00413,0.669,265033,0.952,0.342,9,0.106,-5.963,0,0.0398,122.011,4,0.186
14,2018-12-07,4FUZzDnu4gBue46G99hesO,Chambray,https://p.scdn.co/mp3-preview/dcd2a30f508fb6dd3d83fd499bffa821c2f372e5?cid=142c36ced4ff4aa68d784c0db9923467,6XgRdMLGvZWL3o8jOiR7yf,299500,Where You At?,15,1.34e-05,0.802,299501,0.721,0.793,7,0.0473,-10.494,1,0.0677,128.991,4,0.645
15,2018-12-07,4FUZzDnu4gBue46G99hesO,Chambray,https://p.scdn.co/mp3-preview/76fb0ec52a7a8fd392f74a11c238811d215b7b68?cid=142c36ced4ff4aa68d784c0db9923467,1XL30S7tJlJYFQVu9tSgG9,290229,Being Tru,9,4.87e-06,0.855,290229,0.729,0.307,4,0.0463,-11.741,0,0.0557,126.012,4,0.141
16,2018-12-07,4FUZzDnu4gBue46G99hesO,Chambray,https://p.scdn.co/mp3-preview/1b8ad0acdd7cfb3ff53fdd550786f73835f88819?cid=142c36ced4ff4aa68d784c0db9923467,7qxcVul04THpHwhVSyGuUI,323997,Deets Yew,11,1.27e-05,0.856,323997,0.649,0.886,4,0.0909,-10.717,0,0.0672,125.064,4,0.167
17,2018-11-23,3OsEdeMsQIAdDi2OduzED7,Joeski,https://p.scdn.co/mp3-preview/280cffad6021e8333756c57492a1af4c92348cd6?cid=142c36ced4ff4aa68d784c0db9923467,4fr9amernxBwTUPlTaKZcL,392442,The Sound Like This,19,0.00484,0.796,392443,0.675,0.907,9,0.197,-6.07,0,0.0511,125.014,4,0.179
18,2018-11-23,3OsEdeMsQIAdDi2OduzED7,Joeski,https://p.scdn.co/mp3-preview/5d88e7ede7a4097369c7685570ab62a1a583b458?cid=142c36ced4ff4aa68d784c0db9923467,6d6Zk551v2Cv0oBUOUakiz,429830,Tha Rmx,9,0.000139,0.878,429831,0.78,0.847,11,0.425,-6.081,0,0.204,124.003,4,0.563
19,2018-10-26,5YjvMkjdrBGdoegUvgu4pu,Holt 88,https://p.scdn.co/mp3-preview/559e3783f282187888e98d0ab446a17958d54344?cid=142c36ced4ff4aa68d784c0db9923467,15GnVxfgeOR5SsyknFFAn4,327925,Shack Bass,21,0.000316,0.811,327926,0.644,0.713,6,0.258,-8.408,0,0.057,123.993,4,0.816
20,2018-11-02,4nc9ASzzzNhX5x4Dttcklw,PEZNT,https://p.scdn.co/mp3-preview/3448206c9c6801af77c8bd3fe99e7760fbb12398?cid=142c36ced4ff4aa68d784c0db9923467,4yDftZVYiKspEJKifp2k5i,240718,Breakfast,49,0.00387,0.847,240718,0.95,0.00941,9,0.0512,-5.411,1,0.0527,122.988,4,0.911
21,2018-11-02,4nc9ASzzzNhX5x4Dttcklw,PEZNT,https://p.scdn.co/mp3-preview/5c70a0ca03ef5cc646eadfb8b69336f41be3b258?cid=142c36ced4ff4aa68d784c0db9923467,4Zq5jsFW1VMqNy5WWkXhod,366901,Breakfast - Jesse Perez Remix,17,0.000385,0.812,366901,0.796,0.193,9,0.0518,-5.496,1,0.0607,125.997,4,0.968
22,2018-09-29,7h9yW5sJS4vddfJ8nBSpxP,Steve Darko,https://p.scdn.co/mp3-preview/488371de1c3bebe3cfb8c8b909fa0663ed589635?cid=142c36ced4ff4aa68d784c0db9923467,7hgkbK9uW0g44p7ptl27If,382955,Switch It Up,29,0.14,0.748,382956,0.813,0.192,10,0.0805,-5.543,1,0.0582,123.985,4,0.119
23,2018-09-29,1VJ0briNOlXRtJUAzoUJdt,FISHER,https://p.scdn.co/mp3-preview/7b4b606d184e948da7d4b01349ded926ccb29a35?cid=142c36ced4ff4aa68d784c0db9923467,1RjPcXogqNi52e6QEfJj1e,399360,Ya Kidding - Eli Brown Remix,48,0.00342,0.775,399360,0.937,0.646,9,0.632,-6.084,1,0.0636,125.01,4,0.615
24,2018-09-29,5zheoDzRTIhWzE1j1DttZf,Sacha Robotti,https://p.scdn.co/mp3-preview/721439ba6caa2ab5a6ebf9a3231b5eef7742f0a0?cid=142c36ced4ff4aa68d784c0db9923467,29zFkKTxaNInyI9UfffV7F,369797,King Midas,27,0.00012,0.752,369798,0.671,0.84,10,0.0781,-5.655,0,0.0538,125.027,4,0.898
25,2018-09-29,2PwiPk4hJp1MX6zH2YJmIL,James Curd,https://p.scdn.co/mp3-preview/e3dfc6ab9794e31ff6d720fb5843291d79064656?cid=142c36ced4ff4aa68d784c0db9923467,5cTAxDvda6pCaQ4EZmZGgv,220255,Play To Win,22,0.00232,0.804,220256,0.82,0.831,1,0.112,-6.693,1,0.0483,124.009,4,0.752
26,2018-09-29,0fsDVdEDqPmn5CISll6OIQ,Nick Monaco,https://p.scdn.co/mp3-preview/e218bce8767f78494bb705efbd6034221911d9d7?cid=142c36ced4ff4aa68d784c0db9923467,6ycZ0YQozYZdyeHKr7rVON,229722,Drama - Will Clarke Remix,29,0.0998,0.681,229723,0.705,0.642,1,0.146,-8.79,1,0.0403,123.981,4,0.479
27,2018-09-29,7EPi1KiQMnSB6cxmuGcEnS,Lubelski,https://p.scdn.co/mp3-preview/427a3518df41116f6ad784f98cc97801e4450ed0?cid=142c36ced4ff4aa68d784c0db9923467,72bsR1ABGtWtJv7qSOUARq,397288,Kaya,22,0.00347,0.807,397289,0.711,0.919,4,0.0716,-7.713,0,0.0671,125.003,4,0.373
28,2018-09-29,1UkYeeW9PtNQOgijm5wHDM,Pimpo Gama,https://p.scdn.co/mp3-preview/6335f38434e918fc3ad8ab3d588ea82dcad5a11a?cid=142c36ced4ff4aa68d784c0db9923467,7G2dKB94eEpnM81uQgleX5,403593,Moog Storm,17,0.00162,0.847,403594,0.774,0.821,1,0.0393,-6.132,1,0.0539,124.007,4,0.854
29,2018-09-29,6l6CFc2kr864voPxTDcYZn,Lucati,https://p.scdn.co/mp3-preview/46a6c23118d6eaed835418834daaa450b76d13c6?cid=142c36ced4ff4aa68d784c0db9923467,4zN2qBCuDlvHeBJvjHje8X,394810,Like 17,21,0.00222,0.572,394811,0.67,0.902,6,0.0591,-7.05,0,0.0932,122.014,4,0.146
30,2018-09-29,5j2Gshty51HocOpUVAO9qC,MDE,https://p.scdn.co/mp3-preview/6ddd701bd3da5df5197a3409ad398c49a0de6133?cid=142c36ced4ff4aa68d784c0db9923467,5qhSohLSzdRzbaK7szCBfU,168538,Game Over,15,0.00031,0.72,168539,0.945,0.815,5,0.168,-4.273,1,0.0458,123.997,4,0.509
31,2018-09-29,4pzJW4dAwRMnyDdJXQhOFf,n808,https://p.scdn.co/mp3-preview/9579fec0a24b280b7e634f84c237a50384ae08b9?cid=142c36ced4ff4aa68d784c0db9923467,5gkxvFLPLiHA8WsdvjhCR9,282051,Robot Butts,16,0.0021,0.809,282052,0.705,0.917,7,0.0696,-8.248,1,0.0551,126.018,4,0.484
32,2018-09-29,09RoWn9j3sRzbwrHykPF7F,Wyatt Marshall,https://p.scdn.co/mp3-preview/059e97435177895e863b760b335c7a262e027ad6?cid=142c36ced4ff4aa68d784c0db9923467,6KZdKwsF9pFU5OcNN9XokA,367966,Waremouse,16,0.00723,0.821,367967,0.794,0.918,6,0.0396,-7.251,0,0.0917,125.982,4,0.579
33,2018-09-29,5nakn1MnsO4mYV24tTkwaE,NiQW,https://p.scdn.co/mp3-preview/ee7f8c13a3480d0930c22ac450849824e52a0902?cid=142c36ced4ff4aa68d784c0db9923467,4JwIHGqVbWhFBx5pp3EDNG,219008,Drum Loop,13,5.88e-05,0.863,219008,0.985,0.816,4,0.172,-4.231,0,0.0662,122.017,4,0.0846
34,2018-09-29,7h9yW5sJS4vddfJ8nBSpxP,Steve Darko,https://p.scdn.co/mp3-preview/57cdf035732a82a15ec71973e3f27ca7e2729f1f?cid=142c36ced4ff4aa68d784c0db9923467,2t1snz4KqLZ0IRzQT8ydFY,2982253,Dirtybird Campout West Compilation - Continuous Mix,17,0.00401,0.736,2982254,0.842,0.776,6,0.0432,-6.032,0,0.0471,124.047,4,0.327
35,2018-09-21,5SwGFGfUlV6Dan4ygjF5CU,Volkoder,https://p.scdn.co/mp3-preview/f3562f48c357f0cd2b7605cd069ed6dae0ec7424?cid=142c36ced4ff4aa68d784c0db9923467,33FIqQgI9ARTSsMj2Vyvxq,365870,How,48,0.000683,0.805,365870,0.962,0.895,5,0.0806,-8.781,0,0.0672,126.027,4,0.674
36,2018-09-21,5SwGFGfUlV6Dan4ygjF5CU,Volkoder,https://p.scdn.co/mp3-preview/bfe729cd7102aa85cdf6fa2bd01619a4a3c8fad9?cid=142c36ced4ff4aa68d784c0db9923467,4pn7GxkFI3wBvAQyZNzJZq,315520,I Talked,40,0.000149,0.836,315520,0.87,0.175,4,0.0618,-5.254,0,0.0917,124.995,4,0.439
37,2018-09-07,7sb3fD4ofsPbhm2ZHmknIL,Vangelis Kostoxenakis,https://p.scdn.co/mp3-preview/879fc4167c7671ac3180c357f4c9f44fe0cb7afa?cid=142c36ced4ff4aa68d784c0db9923467,0Gn1ghemIHkfv45gkb0ySJ,355817,Take Your Shirt Off,22,0.000479,0.807,355818,0.838,0.901,11,0.0464,-6.771,1,0.044,125.004,4,0.62
38,2018-09-07,7sb3fD4ofsPbhm2ZHmknIL,Vangelis Kostoxenakis,https://p.scdn.co/mp3-preview/220bd808d31a95089201bcfb857fc29f8be6f251?cid=142c36ced4ff4aa68d784c0db9923467,01PbXPZwzJbumTWDIEY5HM,403712,Bob Is Dead,13,6.86e-05,0.81,403713,0.988,0.904,7,0.0712,-8.312,1,0.0536,123.992,4,0.55
39,2018-09-07,7sb3fD4ofsPbhm2ZHmknIL,Vangelis Kostoxenakis,https://p.scdn.co/mp3-preview/c38253b81f1bfe3e8809dbc761c7b285c0fac2a7?cid=142c36ced4ff4aa68d784c0db9923467,2goRlnKZW1R5JpbWHsdlq7,403187,Play It Loud,22,0.00136,0.808,403187,0.939,0.871,6,0.0566,-5.285,1,0.0446,123.998,4,0.381
40,2018-08-24,1lAwVq9MxNJkB0dEY6xNoV,Walker & Royce,https://p.scdn.co/mp3-preview/ea160e3fc2bac2ba8de83a270c7e1b1731bef8e9?cid=142c36ced4ff4aa68d784c0db9923467,3ieegLhOUrhLcxFGtt3OzJ,342732,Love & Marriage - Franklyn Watts Remix,21,0.0011,0.857,342733,0.659,0.545,7,0.0618,-6.208,1,0.0533,123.995,4,0.915
41,2018-08-24,1lAwVq9MxNJkB0dEY6xNoV,Walker & Royce,https://p.scdn.co/mp3-preview/094d95370f9210013c3eea0301e641c49ce4ccf2?cid=142c36ced4ff4aa68d784c0db9923467,0j8nud6wDuP6Wke82vxaRz,398483,Role Models - Walker & Royce Empty Bottle Remix,23,0.000718,0.608,398484,0.752,0.397,2,0.109,-7.048,1,0.0352,126.012,4,0.347
42,2018-08-24,1lAwVq9MxNJkB0dEY6xNoV,Walker & Royce,https://p.scdn.co/mp3-preview/f299f0f19977ae6970b99c649b889b7e92078b2f?cid=142c36ced4ff4aa68d784c0db9923467,7GzVR6vjRg3KrC57lPiFqd,414250,Rub Anotha Dub - J. Phlip Remix,21,0.0127,0.808,414251,0.711,0.784,1,0.0805,-7.88,1,0.0475,126.008,4,0.402
43,2018-08-24,1lAwVq9MxNJkB0dEY6xNoV,Walker & Royce,https://p.scdn.co/mp3-preview/563fcca6462a03aefc31e176241a30eada7eecd0?cid=142c36ced4ff4aa68d784c0db9923467,1GgzvcoQXYNZWCl4KPXlx1,445035,Take Me To Your Leader - Justin Jay Remix,21,0.0161,0.642,445036,0.958,0.345,1,0.119,-3.273,0,0.0316,123.008,4,0.718
44,2018-08-24,1lAwVq9MxNJkB0dEY6xNoV,Walker & Royce,https://p.scdn.co/mp3-preview/0b88324e47136de7dac9e9fe48842ab5f2ae918a?cid=142c36ced4ff4aa68d784c0db9923467,7lqOlbVfs0h74l1LG2pIzI,342857,Can You Pass That? - Justin Martin & Ardalan Dub,21,0.00196,0.728,342857,0.709,0.912,6,0.104,-8.092,1,0.044,126.026,4,0.347
45,2018-08-24,1lAwVq9MxNJkB0dEY6xNoV,Walker & Royce,https://p.scdn.co/mp3-preview/5d9a6aff2318127d09e2bbd309be4480213f260a?cid=142c36ced4ff4aa68d784c0db9923467,1uRkyBnmVXwmd5jRaIqRUB,339655,My Own Thang - John Tejada Dub,18,0.000345,0.811,339655,0.618,0.868,10,0.0897,-8.908,0,0.0694,125.036,4,0.435
46,2018-08-24,1lAwVq9MxNJkB0dEY6xNoV,Walker & Royce,https://p.scdn.co/mp3-preview/dbcc7670299d336f7c3c3f202ca198cb792a71fd?cid=142c36ced4ff4aa68d784c0db9923467,3Vmpu3F8pVwV3CFS6IFLy0,341029,My Own Thang - John Tejada Remix,21,0.00191,0.81,341029,0.752,0.0311,1,0.0564,-6.151,1,0.0596,125.001,4,0.417
47,2017-12-01,7sb3fD4ofsPbhm2ZHmknIL,Vangelis Kostoxenakis,https://p.scdn.co/mp3-preview/8af5019e2ab31c9ac3d763facf463064136bff73?cid=142c36ced4ff4aa68d784c0db9923467,4EunpztnuCatZ80B8Rg9Yq,404563,Gifted Generation,7,0.00429,0.87,404563,0.77,0.815,11,0.161,-4.605,0,0.053,123.995,4,0.198
48,2017-12-22,5b0jHcSQkGZsYy3ACfpP13,Ryan Forever,https://p.scdn.co/mp3-preview/9122aa633a7ea82794f60b9c1ab5165a3043cd72?cid=142c36ced4ff4aa68d784c0db9923467,2FtA9U0A7THXktmnnyg4Yp,259405,Nasty,18,0.00137,0.804,259406,0.529,0.876,4,0.0477,-6.798,0,0.0532,120.015,4,0.58
49,2018-01-26,2h7fN6KOZVgWQ39sYK0jJm,German Brigante,https://p.scdn.co/mp3-preview/ad4f82e82eab9407a20c0cff3f8800a8dd58ec8d?cid=142c36ced4ff4aa68d784c0db9923467,22TzCy9mHtLSpooyNcB5iB,341072,The Opposite,24,8.76e-05,0.75,341073,0.907,0.936,6,0.121,-7.915,0,0.0573,124.011,4,0.464
50,2018-02-16,5JWq7Qs3NyKX13mLUdRui5,ZDS,https://p.scdn.co/mp3-preview/cf3dcabbd5fd9b4a8a5545c86ea0dfc030d12335?cid=142c36ced4ff4aa68d784c0db9923467,36EWuu7RLyidvdnVjuzgHI,251612,Sweat,37,0.00994,0.838,251613,0.802,0.738,5,0.125,-6.628,0,0.0432,123.988,4,0.637
51,2018-02-16,5JWq7Qs3NyKX13mLUdRui5,ZDS,https://p.scdn.co/mp3-preview/18d0dcba98669958056ed06942fa5aa66f86ad76?cid=142c36ced4ff4aa68d784c0db9923467,0PmechxLFgm2neND7fY40j,234285,The Beat,29,0.000672,0.796,234286,0.958,0.872,6,0.067,-7.06,0,0.0687,125.998,4,0.771
52,2018-03-02,1VJ0briNOlXRtJUAzoUJdt,FISHER,https://p.scdn.co/mp3-preview/1e3253f9c063fac036ec24297d950b33b2f18bac?cid=142c36ced4ff4aa68d784c0db9923467,7ruylcpwEbeCl3HfB9SSyM,231360,Crowd Control,60,0.00753,0.87,231360,0.664,0.341,9,0.0514,-7.878,1,0.062,125.029,4,0.854
53,2018-03-16,5CYAFhywQTXdZmppCp0ukd,Claude VonStroke,https://p.scdn.co/mp3-preview/244ecc0f545d51aa210b69339f706c948d5e17b5?cid=142c36ced4ff4aa68d784c0db9923467,6MN6eoEsqkGZHaLQSZDwk7,430476,Grenade,43,0.0463,0.717,430476,0.999,0.934,4,0.0583,-5.623,0,0.0763,125.999,4,0.0769
54,2018-04-13,1OmOdgwIzub8DYPxQYbbbi,Will Clarke,https://p.scdn.co/mp3-preview/bc75c32e8523128291ca7b9dbc99543bcc4953bf?cid=142c36ced4ff4aa68d784c0db9923467,1mquOo3A7A52GSaGlJf3Up,352594,Take A Seat,28,0.0027,0.804,352594,0.56,0.0168,7,0.0444,-12.677,1,0.1,126.999,4,0.279
55,2018-04-27,5CYAFhywQTXdZmppCp0ukd,Claude VonStroke,https://p.scdn.co/mp3-preview/26d9b910361618eebca0e6501ddfa871236684a2?cid=142c36ced4ff4aa68d784c0db9923467,5MApVTEXZD7elsoCiN43XS,218052,Walay (My Bae),50,0.0123,0.798,218053,0.952,0.422,7,0.0876,-4.429,1,0.0498,124.961,4,0.534
56,2018-04-27,5CYAFhywQTXdZmppCp0ukd,Claude VonStroke,https://p.scdn.co/mp3-preview/7095026bd2cd4a1b6f631016862af02339d75188?cid=142c36ced4ff4aa68d784c0db9923467,3Y2e8CHjoKDQY6QWorKYqG,313748,Raw Nerve,31,0.0752,0.835,313748,0.686,0.654,0,0.0972,-6.225,1,0.0726,124.006,4,0.528
57,2018-03-30,3PYRXP25JcbqhvNaJYcnWy,OMNOM,https://p.scdn.co/mp3-preview/b95f1c6027a513852b48b7789708126a6a499357?cid=142c36ced4ff4aa68d784c0db9923467,1Es0X7EdjNW3QvK4WRQrEl,313620,Fo Free,43,0.00769,0.831,313621,0.539,0.891,11,0.101,-8.401,0,0.0545,123.994,4,0.797
58,2018-04-20,4vOWtH59x00IhY805tdf74,Billy Kenny,https://p.scdn.co/mp3-preview/f49016f75007e6e6776c3b936b342eb9dd490c73?cid=142c36ced4ff4aa68d784c0db9923467,1TkLCmZ8Jom1F5fo8muQqo,317023,I Operate - Josh Brown Remix,27,0.137,0.888,317024,0.488,0.675,1,0.0883,-8.758,1,0.0528,122.973,4,0.2
59,2018-04-20,7nRbEJhGU1wq3sEuQelrzb,GAWP,https://p.scdn.co/mp3-preview/4adf1d618ccb0962509c892caf72904c2e70221a?cid=142c36ced4ff4aa68d784c0db9923467,62jDkIGjOucpO8zNuN5h2z,319455,Coolade,17,0.000207,0.781,319456,0.925,0.462,11,0.0334,-8.36,0,0.0534,124.017,4,0.602
60,2018-05-11,1lAwVq9MxNJkB0dEY6xNoV,Walker & Royce,https://p.scdn.co/mp3-preview/79c1b5fafe1b702792224eaaff4397658cdb1816?cid=142c36ced4ff4aa68d784c0db9923467,7wkZvD7kjTsvBfjohzeFzG,461609,Turn It Around,33,0.00104,0.796,461610,0.646,0.88,11,0.0942,-6.456,0,0.0401,124.978,4,0.408
61,2018-05-11,1lAwVq9MxNJkB0dEY6xNoV,Walker & Royce,https://p.scdn.co/mp3-preview/b0c219b639a8e0b20a8bb8b1a1e453503ba387c3?cid=142c36ced4ff4aa68d784c0db9923467,5gdn7jSgnvTmMRxF3JBQow,358604,Iz The Shit,40,0.00036,0.823,358604,0.57,0.846,1,0.0806,-8.455,1,0.0537,125.01,4,0.475
62,2018-05-18,50iz6mQhjUfbM0UjtZxWIp,Mikey Lion,https://p.scdn.co/mp3-preview/cc67cac5e540acd7b6a6870424234b871428d474?cid=142c36ced4ff4aa68d784c0db9923467,5su5oY3wMb9lCtM88YJFdi,389247,Glide,36,0.000962,0.803,389247,0.841,0.81,2,0.068,-6.819,1,0.102,124.003,4,0.839
63,2018-05-18,7uU0VNTeJ6DUiLPQ3M0cRX,Bess Maze,https://p.scdn.co/mp3-preview/2f8495ecf38b85205d187dbcdc90e1ac10142911?cid=142c36ced4ff4aa68d784c0db9923467,1Pvdr8gX6X4afboeb9kXLq,270755,Arp Symphony,18,0.000985,0.733,270755,0.496,0.663,1,0.58,-8.767,1,0.0471,123.99,4,0.468
64,2018-05-18,6zsa6TQ2aQYmoIoOHdyzbl,Ed Lee,https://p.scdn.co/mp3-preview/95cfb03efea0128373358bd7a35c5ca7f963e706?cid=142c36ced4ff4aa68d784c0db9923467,0K9PZoywMN3jBU59rCvOzf,372095,Down the Rabbit Hole,17,0.00401,0.568,372095,0.706,0.705,7,0.105,-5.768,1,0.0575,123.997,4,0.242
65,2018-05-18,1bAvraRyjnMbVRvii2MlQA,Josh Brown,https://p.scdn.co/mp3-preview/e72cf93f775b39cb2c074f4e1917eb9bbdc4b485?cid=142c36ced4ff4aa68d784c0db9923467,6zYWhOX2t6qPox6atShEtj,266838,Jazzy Drummer,19,0.00729,0.829,266838,0.827,0.248,7,0.907,-9.903,1,0.275,125.982,4,0.546
66,2018-05-18,2h7fN6KOZVgWQ39sYK0jJm,German Brigante,https://p.scdn.co/mp3-preview/6232005bda81003304909ec34a6f9a42f7ae0364?cid=142c36ced4ff4aa68d784c0db9923467,7ulI7jNx5lcPXegDqoGXgd,289180,The Puzzle,16,6.82e-05,0.796,289181,0.83,0.842,1,0.0587,-8.094,1,0.0952,122.989,4,0.0321
67,2018-05-18,2TYqHBcyFerPMqLBLGL4q1,Kill Frenzy,https://p.scdn.co/mp3-preview/fea90a431b404076a691eb191dcc70314cdac362?cid=142c36ced4ff4aa68d784c0db9923467,0KfJ7zFPwIrlHxNpswsy1Y,286201,Believe,19,0.00398,0.805,286202,0.557,0.508,5,0.0497,-9.439,0,0.0631,127.99,4,0.6
68,2018-05-18,4nZBJZHavxcUzGeK2k6fL9,Kolombo,https://p.scdn.co/mp3-preview/dfe18442edcb5f86c511fbd6d1c129fab5158844?cid=142c36ced4ff4aa68d784c0db9923467,3yPWyvPhyE1LiUGhIwdltx,341019,It's Gettin' Hot,20,0.000434,0.802,341020,0.641,0.877,0,0.0576,-7.398,1,0.0616,124.013,4,0.287
69,2018-05-18,7DQ8fX4Fbi43HaesfrVYpO,Hatiras,https://p.scdn.co/mp3-preview/5c2179552ee5a8818264737d7d19d2079f15051d?cid=142c36ced4ff4aa68d784c0db9923467,2BM5EbZltGEbSM9LO40DLt,265517,Bags,18,0.0239,0.803,265517,0.838,0.811,2,0.0559,-6.505,1,0.0538,122.996,4,0.747
70,2018-05-18,4mnSMKXeNuynsdozoCUpcZ,DJ E-Clyps,https://p.scdn.co/mp3-preview/d30c518245533c4bf72dca53a3f165438b0e0762?cid=142c36ced4ff4aa68d784c0db9923467,0a6F2TslVJjCzjJMrE9RI4,174704,Sausages,17,7.95e-06,0.797,174705,0.54,0.62,2,0.0847,-6.136,1,0.035,120.998,4,0.481
71,2018-05-18,4FN8WHqUbwkd97WEjoCu7B,Justin Martin,https://p.scdn.co/mp3-preview/472bd2e952f3bea68e8f2cb45a888567cd312616?cid=142c36ced4ff4aa68d784c0db9923467,4X83hsBCEptkgq4aK93CZY,308133,Back To The Jungle - VIP Mix,20,0.000949,0.454,308134,0.799,0.186,0,0.319,-11.334,1,0.0925,160.068,4,0.48
72,2018-05-18,3FBxzgzGPs9XUfSYZgG1vX,Codes,https://p.scdn.co/mp3-preview/ed869ec9ce20f14f735db69b34668e273328ef44?cid=142c36ced4ff4aa68d784c0db9923467,1jEF6vdmIRFw1w9lrDfFp8,263191,Birds and the Bees,24,0.000114,0.669,263192,0.54,0.837,0,0.0737,-6.493,1,0.0305,125.001,4,0.343
73,2018-05-18,1kK55jT4F39yCsQBOjcDgj,Christian Martin,https://p.scdn.co/mp3-preview/27b8c108f6c6487cc9910569e450486c0ada831c?cid=142c36ced4ff4aa68d784c0db9923467,7l4rF9ix2QbVAixJFp3lCl,2734080,Dirtybird BBQ: Filthy Flavor - Continuous Mix,18,0.00167,0.745,2734080,0.799,0.632,11,0.349,-7.312,0,0.0559,125.003,4,0.448
74,2018-05-25,7h9yW5sJS4vddfJ8nBSpxP,Steve Darko,https://p.scdn.co/mp3-preview/50d4b630841909c31ef5f2278946feb4e5a9a4d8?cid=142c36ced4ff4aa68d784c0db9923467,0AZSQjjbDYYiWkoWsmxAuN,252737,Fried Or Fertilized,33,0.00613,0.78,252738,0.818,0.0447,4,0.336,-5.683,0,0.0456,123.967,4,0.698
75,2018-05-25,7h9yW5sJS4vddfJ8nBSpxP,Steve Darko,https://p.scdn.co/mp3-preview/eb2ad017ae6a43d52bda72a91446b77f9ab249e1?cid=142c36ced4ff4aa68d784c0db9923467,12gwzCkGOz4X7rWFcCMgJN,242690,Thumbs,45,0.0117,0.902,242690,0.575,0.589,4,0.116,-6.553,0,0.0696,123.02,4,0.636
76,2018-06-08,5tYqFEuFELxnJZgGmmsfSh,Catz 'n Dogz,https://p.scdn.co/mp3-preview/a168ab97dd6513ed6009ae982ce39216d74bf21b?cid=142c36ced4ff4aa68d784c0db9923467,7j12NwkG1VLC0b1P05QrA7,251707,Fine Feeling,31,0.00194,0.968,251707,0.882,0.0811,4,0.102,-7.683,0,0.0588,122.974,4,0.726
77,2018-06-08,5tYqFEuFELxnJZgGmmsfSh,Catz 'n Dogz,https://p.scdn.co/mp3-preview/38fd5e8e5365eee22f3ba6dc698d24f604f8d4fd?cid=142c36ced4ff4aa68d784c0db9923467,7e08Fcw3KcwVi8O6iDb8zL,288870,Factory Settings,30,0.0151,0.878,288871,0.702,0.511,7,0.092,-7.291,1,0.0437,124.011,4,0.131
78,2018-06-22,5CYAFhywQTXdZmppCp0ukd,Claude VonStroke,https://p.scdn.co/mp3-preview/9b43117fa0a590f83f4874c2bfc9eef9e62db9c8?cid=142c36ced4ff4aa68d784c0db9923467,5maEgFx2mSQWdHNTRrNwO1,379047,Maharaja,24,0.0165,0.799,379048,0.947,0.865,11,0.0495,-3.853,1,0.0863,125.985,4,0.503
79,2018-06-22,1OmOdgwIzub8DYPxQYbbbi,Will Clarke,https://p.scdn.co/mp3-preview/2fc21e0096d51d2b082f7e9a127b5cea83305e99?cid=142c36ced4ff4aa68d784c0db9923467,2POp5WA5O2rfWOuXARKr77,320947,Boss Man,21,0.00235,0.751,320947,0.732,0.796,1,0.167,-7.38,0,0.0458,127.024,4,0.147
80,2018-06-22,5CYAFhywQTXdZmppCp0ukd,Claude VonStroke,https://p.scdn.co/mp3-preview/41539b132867959b758ee041bd60444d8a6fbb68?cid=142c36ced4ff4aa68d784c0db9923467,6AJFf3id7CYY6XXi1t9FpY,503989,Who's Afraid of Detroit? - Wyatt Marshall Remix,23,0.0188,0.801,503989,0.893,0.909,1,0.102,-7.099,1,0.0628,126.021,4,0.313
81,2018-06-22,5CYAFhywQTXdZmppCp0ukd,Claude VonStroke,https://p.scdn.co/mp3-preview/e4c72b2f8eb546e8c8a1a90b34cc426f4831eb14?cid=142c36ced4ff4aa68d784c0db9923467,4wtu2vUhjgmC8Aq9DyqnJs,5089439,Live In Detroit - Continuous DJ Mix,26,0.011,0.735,5089440,0.934,0.844,11,0.911,-6.055,0,0.0609,125.084,4,0.313
82,2018-07-27,5k5eiijuHxrGwXp2Pz37GZ,Justin Jay,https://p.scdn.co/mp3-preview/0f2a33adfec628444a879a424b0097dcf4369a6e?cid=142c36ced4ff4aa68d784c0db9923467,5SRzuWOrBQw8WUeXtPGTTu,233299,Cash Money,23,0.0365,0.881,233300,0.856,0.897,6,0.053,-5.231,1,0.0615,125.012,4,0.797
83,2018-07-13,2lrYf4KiHcMPOYGUGhrzgs,Sirus Hood,https://p.scdn.co/mp3-preview/150e0c96b2085276c72d60023dbae6f6f68216e6?cid=142c36ced4ff4aa68d784c0db9923467,3jL0EV6P27cuJISWzjE5kn,406688,Warning,29,0.000966,0.94,406688,0.41,0.155,11,0.0804,-10.091,0,0.325,123.996,4,0.144
84,2018-07-13,2lrYf4KiHcMPOYGUGhrzgs,Sirus Hood,https://p.scdn.co/mp3-preview/dfdd76c534e16338871a0d4ddf0761a5a550d515?cid=142c36ced4ff4aa68d784c0db9923467,0RwgRUOW43iKLnYWz92yvT,330682,Attention,19,0.0157,0.796,330682,0.634,0.931,7,0.108,-8.792,1,0.0546,124.983,4,0.151
85,2018-08-10,7Hr9bE0u9Rl5n6QahVNRnc,Shiba San,https://p.scdn.co/mp3-preview/4d3d7a6e9c33494d4d05f0f948437a0228e437c9?cid=142c36ced4ff4aa68d784c0db9923467,5erxdafIrqpiH4rmhVkS4B,344962,Don't Talk,31,0.000928,0.823,344963,0.804,0.933,10,0.0706,-7.586,0,0.0437,126.005,4,0.0394
86,2017-09-22,1fv5AO18P4n3kfTRWMewa7,Mancodex,https://p.scdn.co/mp3-preview/d46d443e43c434c0eac9a202181f15dc683c4a49?cid=142c36ced4ff4aa68d784c0db9923467,6vOfz0EszIYxLBxmMowqmU,362006,Freak Out,15,0.000251,0.811,362006,0.699,0.809,1,0.131,-8.98,1,0.0767,123.999,4,0.454
87,2017-10-20,1lAwVq9MxNJkB0dEY6xNoV,Walker & Royce,https://p.scdn.co/mp3-preview/188b0ef1b7e325f6b1c5b0eeca29822736bb6eed?cid=142c36ced4ff4aa68d784c0db9923467,0AAAG1J7CJ0JOzhYiBtgUV,416740,Best Track Ever,33,0.0177,0.873,416740,0.526,0.527,8,0.0975,-6.656,0,0.0649,124.992,4,0.551
88,2017-10-20,1lAwVq9MxNJkB0dEY6xNoV,Walker & Royce,https://p.scdn.co/mp3-preview/2c1dcd5dedfaa2b6b92b9481d2f428bae6d0b2a4?cid=142c36ced4ff4aa68d784c0db9923467,2Vt5yfzBBsYwy8z525XbMr,277933,My Own Thang,47,0.00595,0.956,277934,0.398,0.00129,1,0.0968,-8.748,1,0.168,125.007,4,0.391
89,2017-10-20,1lAwVq9MxNJkB0dEY6xNoV,Walker & Royce,https://p.scdn.co/mp3-preview/93e815d6abc58daa2760412570b5ec34774d30f1?cid=142c36ced4ff4aa68d784c0db9923467,492dl1X4i6MTKmyVokcvJY,251227,Love & Marriage,28,0.000745,0.791,251227,0.651,0.00114,7,0.37,-7.319,1,0.0421,123.03,4,0.61
90,2017-10-20,1lAwVq9MxNJkB0dEY6xNoV,Walker & Royce,https://p.scdn.co/mp3-preview/f32ac9fd49318dd6f6b8497c3c653903124e5d89?cid=142c36ced4ff4aa68d784c0db9923467,0crFKz1Cs5Slul5MEuyWHx,445440,Warkin It,33,0.0188,0.753,445440,0.742,0.654,0,0.0948,-8.202,1,0.0543,124.995,4,0.478
91,2017-10-20,1lAwVq9MxNJkB0dEY6xNoV,Walker & Royce,https://p.scdn.co/mp3-preview/a2604ff36d3a4b8d0803143f0bbd940e2dd8f45f?cid=142c36ced4ff4aa68d784c0db9923467,1JTGEPuCkShsGZASnuHo5v,251528,Can You Pass That?,34,0.00243,0.729,251529,0.782,0.58,6,0.0938,-6.36,1,0.0352,125.991,4,0.463
92,2017-12-01,7sb3fD4ofsPbhm2ZHmknIL,Vangelis Kostoxenakis,https://p.scdn.co/mp3-preview/de2b8e30fa5d9577e6d771b5006aae2261d9ae31?cid=142c36ced4ff4aa68d784c0db9923467,4nQUj91oLsU0ThLxq7NYZa,422117,Pay My Bills,23,8.75e-05,0.81,422117,0.898,0.94,1,0.0586,-8.221,0,0.0488,122.965,4,0.361
93,2017-10-20,1lAwVq9MxNJkB0dEY6xNoV,Walker & Royce,https://p.scdn.co/mp3-preview/94950951db508daf0a8303815cf23977f848d35c?cid=142c36ced4ff4aa68d784c0db9923467,4rvQJWceSRt3o4oHYqQZzL,234976,Why Tho,32,0.0762,0.706,234977,0.538,0.879,5,0.105,-6.652,1,0.0341,125.009,4,0.348
94,2017-09-08,1lAwVq9MxNJkB0dEY6xNoV,Walker & Royce,https://p.scdn.co/mp3-preview/092e73cfb6eb1e28cdc845998b5148ccbd89948c?cid=142c36ced4ff4aa68d784c0db9923467,742Znmr6wWEecGg1Mp3JKU,415677,Rub Anotha Dub - Extended Mix,18,0.000252,0.72,415678,0.778,0.534,0,0.161,-7.253,1,0.0733,125.988,4,0.571
95,2017-08-04,5CYAFhywQTXdZmppCp0ukd,Claude VonStroke,https://p.scdn.co/mp3-preview/e72f4fa0e8ef212c7e54cb289f931c0bdf006afb?cid=142c36ced4ff4aa68d784c0db9923467,6zHF99mpwCclX08LeKtREs,399895,Daylight Dark Room,22,0.000175,0.814,399896,0.761,0.897,7,0.0803,-4.714,1,0.0997,125.997,4,0.646
96,2017-08-04,5CYAFhywQTXdZmppCp0ukd,Claude VonStroke,https://p.scdn.co/mp3-preview/632b7f544686804323ce52b69fa5c30d264cb66a?cid=142c36ced4ff4aa68d784c0db9923467,5r3x9rbGaD9WdgWUqFLzUF,355225,Tiny Tambourine,30,0.00489,0.897,355226,0.84,0.452,1,0.675,-6.759,1,0.0775,126.002,4,0.267
97,2017-08-18,1JXKfGs594mz23sQepWOWP,Lee Walker,https://p.scdn.co/mp3-preview/75b6f9eee8f7e6a156abf5827f71a2532d6c93d6?cid=142c36ced4ff4aa68d784c0db9923467,5tS3ARGrCbcAdrdjb6Pkwe,401744,Rock Climber,16,0.000324,0.799,401744,0.795,0.877,0,0.0418,-8.957,1,0.042,126.005,4,0.297
98,2017-08-18,0FBRY66KVaAiddGVefikLB,Weiss (UK),https://p.scdn.co/mp3-preview/d5cf8f4ccf09ff90e4dfe49c7fdc6837e104c2b0?cid=142c36ced4ff4aa68d784c0db9923467,2TKeQuRgz7GIPUs3CE2kCI,349976,Bounce,19,0.000832,0.852,349977,0.548,0.731,0,0.0933,-7.888,1,0.0454,123.988,4,0.367
99,2017-08-18,4juOrKDSC4THOlvndzd2en,Lord Leopard,https://p.scdn.co/mp3-preview/2ece0254dc998ae07c0a98ac2b5e1a2d7c1643d4?cid=142c36ced4ff4aa68d784c0db9923467,27qDHU96NcTHQXv0NIMhzK,407201,As Gospel,7,0.000126,0.694,407202,0.702,0.923,10,0.0641,-6.478,0,0.0558,124.995,4,0.342
100,2017-08-18,2gflBLiOBknB4kJpGt5DVl,Bump Ugly,https://p.scdn.co/mp3-preview/c4dbf4a8b615a72c1739e90ebc1731dab37a3cbc?cid=142c36ced4ff4aa68d784c0db9923467,6aaofSOnZTdrdrP6uotP4r,351655,Lost My Mind,11,0.000587,0.816,351655,0.499,0.237,11,0.075,-7.308,1,0.0495,122.992,4,0.595
101,2017-07-28,6cj5LvEwFJUo79BSIPcuYl,Danny Kolk,https://p.scdn.co/mp3-preview/b67a513db6260abbc711f49fd323bc1af9530967?cid=142c36ced4ff4aa68d784c0db9923467,3Fb8di74lL92dbrRO4RIU7,334921,Doctor,15,0.000712,0.921,334922,0.604,0.38,6,0.112,-8.145,1,0.0837,124.034,4,0.586
102,2017-07-14,1lAwVq9MxNJkB0dEY6xNoV,Walker & Royce,https://p.scdn.co/mp3-preview/4938bdea892b4bc88c85340cfa581fd8555f37a4?cid=142c36ced4ff4aa68d784c0db9923467,6ycTlP4Du3XtJj4dNgOpZO,345700,Take Me To Your Leader - Extended Mix,29,0.000925,0.78,345700,0.515,0.00448,11,0.0814,-8.129,1,0.0438,125.004,4,0.896
103,2017-06-30,1VJ0briNOlXRtJUAzoUJdt,FISHER,https://p.scdn.co/mp3-preview/77c41819e6c7d3433180910ac2aefb1792bf6452?cid=142c36ced4ff4aa68d784c0db9923467,3fDgxdcf0jeJgGiZJGUmyK,238080,Ya Kidding,69,0.00177,0.813,238080,0.983,0.546,1,0.502,-5.515,1,0.153,125.007,4,0.77
104,2017-06-16,2APmJd80WsbJQoMwnL1buU,Sven Lochenhoer,https://p.scdn.co/mp3-preview/edbb7baa569f77afc396c3aa9a9f48f552b01ad2?cid=142c36ced4ff4aa68d784c0db9923467,5In2sDKjwE7JiiP1QbfFKH,353019,Do You Love Me?,14,0.00163,0.836,353019,0.383,0.68,1,0.629,-6.545,1,0.0657,122.0,4,0.515
105,2017-06-09,6gssIbF04dCX3COZvyr0JF,Bruno Furlan,https://p.scdn.co/mp3-preview/90c83b8eca6efdbaf0ad26e70fc1c0c1135b982d?cid=142c36ced4ff4aa68d784c0db9923467,6mEbO20Llb5XuX047QOj4T,344620,Action,10,0.000399,0.81,344621,0.39,0.935,11,0.0687,-11.229,0,0.0709,123.001,4,0.331
106,2017-05-19,5YbnU0TPfeHHlrjbjRQdQJ,Sebastien V (BE),https://p.scdn.co/mp3-preview/66e00f5365b1b422252045ec530c42733c379217?cid=142c36ced4ff4aa68d784c0db9923467,4zeK4ZMBXSpC2BVBQWJFOQ,329182,Funkulate,12,0.000402,0.815,329182,0.534,0.387,2,0.0734,-9.441,1,0.061,123.979,4,0.714
107,2017-05-19,7LJSAfWhO7jhjnewy6pKyZ,Kyle Watson,https://p.scdn.co/mp3-preview/57ff5e25afc7f669972c84e74fb245fb5a7a36a7?cid=142c36ced4ff4aa68d784c0db9923467,4c65WEoQWzuac4a7eOHb3e,328081,Creatures,20,0.00659,0.949,328081,0.473,0.204,10,0.698,-8.96,0,0.157,122.016,4,0.555
108,2017-05-19,6lf5XKHZHGXxHFPOKSkodA,Ciszak,https://p.scdn.co/mp3-preview/100c495b33fcc2652585e7e87d20af6373e714ce?cid=142c36ced4ff4aa68d784c0db9923467,0kUCi3eyttQiwTtancJZZD,400004,Vanilla Cream,31,0.0035,0.822,400004,0.675,0.639,9,0.0818,-7.673,1,0.0638,125.005,4,0.219
109,2017-05-19,7nRbEJhGU1wq3sEuQelrzb,GAWP,https://p.scdn.co/mp3-preview/77b734db48778fdee2830b12db3b1d93407f8c8e?cid=142c36ced4ff4aa68d784c0db9923467,2i1xH0t5uETbn2F5renD97,264047,Prime Society,19,0.000803,0.825,264048,0.804,0.897,0,0.0622,-8.146,1,0.0642,123.996,4,0.543
110,2017-05-19,6VX5qsFY5qgOtlPS3ymHvd,Wood Holly,https://p.scdn.co/mp3-preview/182b3a99eadfdd86d6056fe4a9e7183d6a752f79?cid=142c36ced4ff4aa68d784c0db9923467,15bJymS8hjApKCf48mtYWp,372029,Lil Kitties,11,0.000526,0.812,372029,0.434,0.616,5,0.047,-10.44,0,0.0635,124.031,4,0.313
111,2017-05-19,7Hr9bE0u9Rl5n6QahVNRnc,Shiba San,https://p.scdn.co/mp3-preview/270465fad797254aa2f22819368fca47dd46f2b3?cid=142c36ced4ff4aa68d784c0db9923467,2gBgimG4xdJlBQW47nrBxK,345250,Don't Hate Me,15,0.000224,0.807,345251,0.56,0.0237,1,0.09,-6.585,1,0.0425,124.006,4,0.148
112,2017-05-12,44j7GMM70cxzEZxW1C1BNA,Maximono,https://p.scdn.co/mp3-preview/9a30970bdac8a61a2838c3d36acdb90833f7e045?cid=142c36ced4ff4aa68d784c0db9923467,4ycsx3S2SxZyl1YyMiWyIX,406626,Non Sense,12,0.00352,0.816,406626,0.684,0.635,6,0.247,-11.134,1,0.0704,121.994,4,0.476
113,2017-05-12,44j7GMM70cxzEZxW1C1BNA,Maximono,https://p.scdn.co/mp3-preview/5bca9acd69f5f2900d19d3543e56cd7f94b0bcc1?cid=142c36ced4ff4aa68d784c0db9923467,2YVhjrN8l9liC1qBdCfRd5,341973,Reign Down,8,0.0104,0.736,341974,0.895,0.903,7,0.0787,-8.906,1,0.0422,123.991,4,0.156
114,2017-04-28,0FBRY66KVaAiddGVefikLB,Weiss (UK),https://p.scdn.co/mp3-preview/856a4b7841f38e2b113c384658889599fd77cc38?cid=142c36ced4ff4aa68d784c0db9923467,0sUwUJIRFNpwl1kvZZ7wDc,348198,Charlie Brown,24,0.000108,0.893,348199,0.473,0.793,11,0.0813,-11.697,0,0.118,123.015,4,0.428
115,2017-04-14,5zheoDzRTIhWzE1j1DttZf,Sacha Robotti,https://p.scdn.co/mp3-preview/2850a0f04a162ec20eae7ffb15fe930f09013e3f?cid=142c36ced4ff4aa68d784c0db9923467,0yRw2ep4jT61gVvJlCJJrM,516773,Melato Nina,35,0.00247,0.888,516774,0.4,0.831,7,0.0691,-11.483,1,0.0517,121.015,4,0.388
116,2017-03-24,4W991QdgKWX4TO864ypInA,Eats Everything,https://p.scdn.co/mp3-preview/f951d85f72053a24ff7536fa9629aafd280d0a95?cid=142c36ced4ff4aa68d784c0db9923467,0GMoV07K757P7qnSasHD9w,369872,Song For,25,0.00113,0.816,369872,0.81,0.798,9,0.0908,-5.793,0,0.0625,126.98,4,0.22
117,2017-03-10,2IA2rAfPyDDhqqcu6UaSOM,Don Rimini,https://p.scdn.co/mp3-preview/fae2310e48387b8655815efbe12557bd6175aeda?cid=142c36ced4ff4aa68d784c0db9923467,4l6JCpwLekn9OCRkMMe7tw,310448,Planet Earth,16,0.000993,0.796,310448,0.689,0.658,0,0.0909,-6.983,0,0.0668,125.981,4,0.469
118,2017-03-10,2IA2rAfPyDDhqqcu6UaSOM,Don Rimini,https://p.scdn.co/mp3-preview/2f32b94e254d5b57a4b756e52e189db6b8d1a7b1?cid=142c36ced4ff4aa68d784c0db9923467,5YjAPZ1OHzOHmMGn6LJe8z,311640,Motel Ride,17,0.0104,0.805,311640,0.643,0.905,6,0.111,-9.967,1,0.188,124.998,4,0.189
119,2017-01-20,0zif5osozZSiSvM2YGPn1Q,SPQH,https://p.scdn.co/mp3-preview/d00f327774c93d5f40c08ca40f1de049a1c37dac?cid=142c36ced4ff4aa68d784c0db9923467,6Z4UrygLieUcjYpLcaj98e,382501,State of Mind,7,0.181,0.745,382502,0.67,0.802,6,0.0859,-11.073,1,0.0454,121.005,4,0.41
120,2017-02-24,4FN8WHqUbwkd97WEjoCu7B,Justin Martin,https://p.scdn.co/mp3-preview/0645cdbd8c56c85ccbf6186a43fb26f3a55ac46b?cid=142c36ced4ff4aa68d784c0db9923467,4dKmu0kwAT6cBXbZYWXZRr,345811,Hello Clouds - Ardalan Remix,31,0.026,0.845,345812,0.53,0.816,1,0.0455,-6.079,1,0.0458,124.014,4,0.377
121,2017-02-24,4FN8WHqUbwkd97WEjoCu7B,Justin Martin,https://p.scdn.co/mp3-preview/ea110e2e3908a6269fe14e00a354c2f72479a00d?cid=142c36ced4ff4aa68d784c0db9923467,4gXn2AkFu1IHgZZLRAA49i,446841,The Feels - Walker & Royce Remix,25,0.0173,0.861,446842,0.621,0.336,1,0.108,-9.649,0,0.065,124.997,4,0.342
122,2017-02-24,4FN8WHqUbwkd97WEjoCu7B,Justin Martin,https://p.scdn.co/mp3-preview/807714032dfa127b77fec0d95441a25c71ea9a84?cid=142c36ced4ff4aa68d784c0db9923467,7qhMaJYZQbpaD1nEV3QjOE,354193,Back to the Jungle - Chris Lorenzo Remix,23,0.00969,0.638,354194,0.925,0.717,0,0.137,-7.384,1,0.0635,124.011,4,0.381
123,2017-02-03,3IvSYAskeGThA6vAk40DDg,Fancy Fux,https://p.scdn.co/mp3-preview/2df52d1c3c85d89fe9f5330bdbf39fc805992e82?cid=142c36ced4ff4aa68d784c0db9923467,2GM9AJ5CyLvIWp0M5N06gH,354293,Stripper - Kill Frenzy Acid Workout,4,0.0167,0.793,354293,0.821,0.859,4,0.11,-8.242,0,0.0545,126.006,4,0.427
124,2016-12-23,1lAwVq9MxNJkB0dEY6xNoV,Walker & Royce,https://p.scdn.co/mp3-preview/5fad8c82a0228d8ed8fa36bd2081a2c32611b3be?cid=142c36ced4ff4aa68d784c0db9923467,2XUG8sOwp8l3Ff1OlcJyDd,393214,Hit Dem Draws,18,0.00407,0.859,393215,0.569,0.177,7,0.103,-8.711,1,0.118,124.997,4,0.609
125,2016-12-23,03B64rAQB4s7ewgX3wWYty,Dateless,https://p.scdn.co/mp3-preview/57dc7685c5ba8bb1a195f403f611045389e1d476?cid=142c36ced4ff4aa68d784c0db9923467,3W7fHsM09DGGpdDMARBwAD,335955,Barbarian,4,0.0132,0.803,335956,0.745,0.929,7,0.094,-9.317,1,0.0617,123.013,4,0.253
126,2016-12-23,6lf5XKHZHGXxHFPOKSkodA,Ciszak,https://p.scdn.co/mp3-preview/6e3b2e817003118902cc2f11e75b0a2cb0047330?cid=142c36ced4ff4aa68d784c0db9923467,27zxUAbbdQdo4h6lYDC8oh,398831,La Bomba,10,0.00258,0.686,398831,0.982,0.922,8,0.319,-9.375,1,0.0514,126.008,4,0.705
127,2016-12-09,7Hr9bE0u9Rl5n6QahVNRnc,Shiba San,https://p.scdn.co/mp3-preview/be6a57e6205b3681425865b4b352a71cf572cd96?cid=142c36ced4ff4aa68d784c0db9923467,5XNYyrSUntYZoNYT35fpBV,348870,Up & Down - Extended Mix,19,0.00269,0.808,348871,0.733,0.892,4,0.0714,-7.646,0,0.0548,123.994,4,0.202
128,2015-01-27,5zheoDzRTIhWzE1j1DttZf,Sacha Robotti,https://p.scdn.co/mp3-preview/9910e29d8f3899e4597724f2684b339a1d786fe2?cid=142c36ced4ff4aa68d784c0db9923467,3Dnz9CfhZQG7MQotGpWPyW,427026,Thump Bumper - Original Mix,24,0.000147,0.843,427027,0.816,0.798,1,0.53,-7.33,0,0.0961,124.003,4,0.661
129,2016-06-14,7Hr9bE0u9Rl5n6QahVNRnc,Shiba San,https://p.scdn.co/mp3-preview/02df5bd5644911b32e75e73d3ed735ef0f1257a6?cid=142c36ced4ff4aa68d784c0db9923467,7oQQX9eToqq65dVpzp2NAT,357105,Give It To Me - Original Mix,25,0.000316,0.811,357105,0.532,0.163,8,0.0624,-8.797,0,0.0577,124.015,4,0.352
130,2016-08-10,5CYAFhywQTXdZmppCp0ukd,Claude VonStroke,https://p.scdn.co/mp3-preview/d3bf55637cf61e3e74640139ce79c4921783c113?cid=142c36ced4ff4aa68d784c0db9923467,6AWQoBfrxHaYA7oiq9Y63c,389577,The Rain Break,37,0.00013,0.808,389578,0.958,0.81,9,0.0507,-7.546,0,0.0513,120.017,4,0.47
131,2016-06-14,4vOWtH59x00IhY805tdf74,Billy Kenny,https://p.scdn.co/mp3-preview/d41d0e0fa6e190c9415c8d90d4803098e958301b?cid=142c36ced4ff4aa68d784c0db9923467,2OA6aMRJQZkHYGhBvSiWyf,347468,Must Be - Original Mix,23,0.014,0.931,347468,0.665,0.153,9,0.204,-7.749,1,0.0588,123.007,4,0.67
132,2016-11-18,1f6CfrG6UrKxa9IeyqnlKL,Lux Groove,https://p.scdn.co/mp3-preview/4bd1ae4dfad2eda7d414969c93323e1ba5985cd5?cid=142c36ced4ff4aa68d784c0db9923467,0k4pfyoER5XKQgWBbfKxsQ,317456,Gee Up,12,0.000378,0.805,317457,0.647,0.298,1,0.162,-8.113,0,0.0639,124.029,4,0.865
133,2015-04-06,4vOWtH59x00IhY805tdf74,Billy Kenny,https://p.scdn.co/mp3-preview/4d1d72304550ee7d83a960e37435874d5474afc0?cid=142c36ced4ff4aa68d784c0db9923467,5PLL2PORZ5NplGdRQbJ9d6,316097,I Operate - Original Mix,30,0.00773,0.807,316098,0.881,0.298,6,0.0773,-9.526,0,0.0563,123.036,4,0.642
134,2015-01-27,3H73pVo61GsGGlCzn4k1df,Worthy,https://p.scdn.co/mp3-preview/9dfdbc1db3664066590963806f929ac661aa20eb?cid=142c36ced4ff4aa68d784c0db9923467,6tBaipDHChH5sIUDZNYe0b,411430,So Delicious - Original Mix,11,0.000817,0.781,411430,0.796,0.226,7,0.313,-6.043,1,0.0466,123.983,4,0.683
135,2013-05-06,2TYqHBcyFerPMqLBLGL4q1,Kill Frenzy,https://p.scdn.co/mp3-preview/b4bf607ff9995a1f9d0bae69ebf1b97fcb905781?cid=142c36ced4ff4aa68d784c0db9923467,3UnY0tlxIxRZsTVZ4aRMwJ,345471,Make That Booty Clap - Original Mix,17,0.00903,0.577,345471,0.781,0.772,1,0.0979,-10.89,1,0.148,128.002,4,0.46
136,2015-02-23,7Hr9bE0u9Rl5n6QahVNRnc,Shiba San,https://p.scdn.co/mp3-preview/a0d8ab42c6c70c6fb1db99d2965e46ac67ce962e?cid=142c36ced4ff4aa68d784c0db9923467,5HhrlrUFdLkTJSJXfDFt78,343564,"Show Me, Show Me - Original Mix",33,0.114,0.811,343564,0.786,0.918,11,0.062,-7.115,0,0.0586,122.995,4,0.09
137,2013-07-05,2MMkuQE0f6CDaamJdWXaCC,Breach,https://p.scdn.co/mp3-preview/a7fb321d45445e7d0e4f1029e34719d6defa7955?cid=142c36ced4ff4aa68d784c0db9923467,1AB2QUlvliy0QclNdEbZ6C,183581,Jack,48,0.000334,0.907,183581,0.616,0.425,6,0.11,-7.073,0,0.0577,124.036,4,0.582
138,2015-01-27,49qOEODA3n8HiVUY4uwJbU,Gene Farris,https://p.scdn.co/mp3-preview/7dfc77348f436935cc1c4ffc17310510b93b19bf?cid=142c36ced4ff4aa68d784c0db9923467,6IMRRi2rMJQM6SkafWpe8X,444268,After Dark (Is When We Move) - Original Mix,10,0.000441,0.845,444268,0.887,0.874,4,0.312,-7.853,1,0.0673,123.995,4,0.68
139,2016-09-16,1OmOdgwIzub8DYPxQYbbbi,Will Clarke,https://p.scdn.co/mp3-preview/d4bc6e772533545d52b7d1540254501febb388a9?cid=142c36ced4ff4aa68d784c0db9923467,6Pw3fM8ebsY1PvifMxffqL,372529,House Girl,18,0.00131,0.834,372530,0.834,0.373,7,0.361,-7.754,1,0.0539,125.982,4,0.753
140,2013-07-15,2ew9JvyyuOGkhahuwdovDq,Secondcity,https://p.scdn.co/mp3-preview/2a993352491b28147ed64d938f9eef277d2e9467?cid=142c36ced4ff4aa68d784c0db9923467,0I1iEooWlR2h5p4HK3XkAO,282048,I Enter - Original Mix,53,0.000499,0.829,282048,0.727,0.852,10,0.0352,-9.199,0,0.0563,123.002,4,0.738
141,2016-08-26,2TYqHBcyFerPMqLBLGL4q1,Kill Frenzy,https://p.scdn.co/mp3-preview/e7229d744e699f7ef88d32f7f02182ddcaa74d68?cid=142c36ced4ff4aa68d784c0db9923467,10wkdZ3er7gDAnI5BjCZfo,358270,Silo - Original Mix,6,0.000562,0.97,358270,0.669,0.889,1,0.0978,-7.762,1,0.0574,126.007,4,0.316
142,2006-05-08,5CYAFhywQTXdZmppCp0ukd,Claude VonStroke,https://p.scdn.co/mp3-preview/f9a9d49b16b7dc168e038bca4dd0118238fc72b8?cid=142c36ced4ff4aa68d784c0db9923467,1KiNEbmfe20LO0jitOp8Ao,364088,Who's Afraid Of Detroit? - Original Mix,36,0.00526,0.807,364089,0.74,0.86,1,0.0993,-8.729,1,0.0793,124.996,4,0.651
143,2016-02-26,6gssIbF04dCX3COZvyr0JF,Bruno Furlan,https://p.scdn.co/mp3-preview/27d3ac9e976347af6012f848a39422f5ba0c5165?cid=142c36ced4ff4aa68d784c0db9923467,73R2Fg6J4peU0n2y8Qrsby,343927,Marshmallows - Original Mix,28,0.00496,0.813,343928,0.606,0.896,9,0.0483,-9.329,1,0.0572,123.001,4,0.861
144,2015-12-28,6gssIbF04dCX3COZvyr0JF,Bruno Furlan,https://p.scdn.co/mp3-preview/2889b7f2700e791a232e2d7d9b99d72ee2b8f17a?cid=142c36ced4ff4aa68d784c0db9923467,2PDRbSgD8Tc7sPOY99RXcg,347317,Line Five - Original Mix,30,0.00862,0.811,347317,0.409,0.92,8,0.0903,-6.523,1,0.0679,122.985,4,0.2
145,2014-11-03,2TYqHBcyFerPMqLBLGL4q1,Kill Frenzy,https://p.scdn.co/mp3-preview/edca974ede06a2db46b2a5a3760ce53403d3ba77?cid=142c36ced4ff4aa68d784c0db9923467,2bY6J7raCWuUACZ9pPd5fY,409779,No Panties - Original Mix,25,0.000381,0.854,409779,0.569,0.686,6,0.0714,-10.238,0,0.0836,123.003,4,0.642
146,2009-10-21,4FN8WHqUbwkd97WEjoCu7B,Justin Martin,https://p.scdn.co/mp3-preview/8a07e1101a6968175fb6d630e5b180bfe6640584?cid=142c36ced4ff4aa68d784c0db9923467,1OolSAOadUdx7sQlNxt9q5,339160,Beat That Bird - Original Mix,21,0.000438,0.807,339160,0.741,0.851,1,0.0662,-9.015,1,0.0482,127.019,4,0.433
147,2016-03-11,6lf5XKHZHGXxHFPOKSkodA,Ciszak,https://p.scdn.co/mp3-preview/6400579a23ef59ebacb24d22f94625bbe519a426?cid=142c36ced4ff4aa68d784c0db9923467,1BgD58UXN5l0goUprKVudL,393870,I Want,42,0.000984,0.805,393871,0.527,0.816,2,0.0526,-7.379,1,0.0497,124.023,4,0.699
148,2016-05-27,5CYAFhywQTXdZmppCp0ukd,Claude VonStroke,https://p.scdn.co/mp3-preview/be7721413527b60b16ba82982eb2205cecf9f534?cid=142c36ced4ff4aa68d784c0db9923467,2T8jzKiggVXOONsUYxzFH7,397834,Who's Afraid of Detroit? - 10 Year Anniversary Mix,21,0.00497,0.82,397834,0.831,0.827,1,0.124,-6.909,1,0.0668,124.027,4,0.729
149,2006-05-08,5CYAFhywQTXdZmppCp0ukd,Claude VonStroke,https://p.scdn.co/mp3-preview/f4d16f32d40b709097d7725039fd57c16a0721fa?cid=142c36ced4ff4aa68d784c0db9923467,5Cjt8EvlnCPtdABEdXB99k,426893,Deep Throat - Original Mix,25,0.000261,0.815,426893,0.785,0.889,1,0.0849,-12.342,1,0.064,124.019,4,0.191
150,2014-03-17,5tYqFEuFELxnJZgGmmsfSh,Catz 'n Dogz,https://p.scdn.co/mp3-preview/154642e6dd1a94f945e9a958a9a7d9e4c85b0e24?cid=142c36ced4ff4aa68d784c0db9923467,0AUjGEFOKVbmIkS8cvQNJ6,380335,Booty Comes First - Original Mix,15,0.00964,0.834,380335,0.826,0.874,11,0.0583,-6.824,0,0.101,123.965,4,0.665
151,2015-07-24,1OmOdgwIzub8DYPxQYbbbi,Will Clarke,https://p.scdn.co/mp3-preview/9b0196171b69b82c18e2f5d3daa6caa5e974133d?cid=142c36ced4ff4aa68d784c0db9923467,3VrROG4GbnzbntPNyY2so6,396980,808 Frenzy - Original Mix,9,0.000119,0.809,396980,0.653,0.809,6,0.0835,-10.449,0,0.058,124.006,4,0.422
152,2016-10-07,2JDywqwipuZmF09NCMEO6X,Asadinho,https://p.scdn.co/mp3-preview/67e3551628a6b19a52c9200168cabc726be5661c?cid=142c36ced4ff4aa68d784c0db9923467,2rxFOHtc9J8akwtu2mbcgh,408999,Is That My Wig,4,0.00361,0.803,409000,0.733,0.897,9,0.0951,-8.969,1,0.0489,126.994,4,0.308
153,2016-07-29,1lAwVq9MxNJkB0dEY6xNoV,Walker & Royce,https://p.scdn.co/mp3-preview/a2199aabdf203daacf9a87a9a25f60141de46ef3?cid=142c36ced4ff4aa68d784c0db9923467,55oISV7iOyMsWnf3JZ0GuJ,324130,I.T.B. - Original Mix,24,0.042,0.796,324130,0.534,0.922,7,0.078,-6.885,1,0.119,125.01,4,0.324
154,2013-06-10,4FN8WHqUbwkd97WEjoCu7B,Justin Martin,https://p.scdn.co/mp3-preview/b29d38eb0680190614f592cafe51c427c0ab4edc?cid=142c36ced4ff4aa68d784c0db9923467,733z4tlVXt0ZiatQnzd3Ki,475480,The Gettup - Original Mix,25,0.0423,0.875,475481,0.617,0.0597,6,0.64,-6.842,1,0.0614,122.987,4,0.573
155,2009-10-07,5CYAFhywQTXdZmppCp0ukd,Claude VonStroke,https://p.scdn.co/mp3-preview/aadae81e52b0f22c67da7290d33152635c56e001?cid=142c36ced4ff4aa68d784c0db9923467,6IpIkafhudKF2HXXZ89Vqu,415266,Vocal Chords - Original Mix,10,0.00399,0.913,415267,0.568,0.681,9,0.094,-9.235,1,0.136,125.988,4,0.366
156,2015-12-28,7qWgPMbzC4NvHmLJCB2iMN,Genghis Clan,https://p.scdn.co/mp3-preview/eca055a54a4b1173025e951b0fe1328f661be609?cid=142c36ced4ff4aa68d784c0db9923467,4YepqCFPhfrdkXzm3fXOjZ,352577,Crave Me - Original Mix,9,0.0399,0.755,352577,0.492,0.681,2,0.0554,-7.587,1,0.0552,123.988,4,0.282
157,2015-03-16,7DtWVYd3zlN3l6PvfF5VuT,Escape,https://p.scdn.co/mp3-preview/38c55dbbf486e8d565f233a23e621db5df327f77?cid=142c36ced4ff4aa68d784c0db9923467,2dllcuIL9det0sjKnpRNok,372019,Just Escape - Justin Martin Remix,40,0.013,0.872,372019,0.776,0.119,11,0.155,-6.245,0,0.0701,120.001,4,0.789
158,2016-04-20,4FN8WHqUbwkd97WEjoCu7B,Justin Martin,https://p.scdn.co/mp3-preview/910cae48ab4c7323db9b5a3898e081532539184b?cid=142c36ced4ff4aa68d784c0db9923467,6N5DujmlLvjvW9p4yU12Jq,307572,Back To The Jungle - Original Mix,24,0.000559,0.796,307572,0.786,0.167,0,0.744,-9.654,1,0.0481,124.0,4,0.443
159,2016-10-28,4NxX9q7cLdH6JNDtApVPRU,Pezzner,https://p.scdn.co/mp3-preview/5671112fcbaeec6b7c7630558e76e87eacdf465b?cid=142c36ced4ff4aa68d784c0db9923467,5WBy3eUGeeojOj5zygq3U9,384851,The Hand That Feeds You,10,0.0183,0.805,384851,0.415,0.873,2,0.12,-10.418,1,0.0547,118.003,4,0.159
160,2014-11-03,2TYqHBcyFerPMqLBLGL4q1,Kill Frenzy,https://p.scdn.co/mp3-preview/98d392cf384fed527470520044bd8d89c6625910?cid=142c36ced4ff4aa68d784c0db9923467,7LUZtN5W1ooKTUWPcuh8Ui,292413,So Fine - Original Mix,19,0.000809,0.805,292413,0.481,0.324,8,0.156,-11.142,1,0.0617,125.0,4,0.244
161,2015-11-06,1OmOdgwIzub8DYPxQYbbbi,Will Clarke,https://p.scdn.co/mp3-preview/7bbe5bb6db4bafcbcadd871c6769707250a264af?cid=142c36ced4ff4aa68d784c0db9923467,1pY8wdgmOV3k8owLAaj3f7,328909,Can You Funk - Original Mix,32,0.000669,0.896,328909,0.85,0.904,11,0.0405,-6.122,1,0.0737,123.996,4,0.904
162,2015-12-28,2lrYf4KiHcMPOYGUGhrzgs,Sirus Hood,https://p.scdn.co/mp3-preview/31a9762657a9b9673476065a6448cd65a8868e9d?cid=142c36ced4ff4aa68d784c0db9923467,1cwIPgt0pKeraQhhCZ8L3X,315631,Paris To SF - Original Mix,16,0.00846,0.8,315631,0.619,0.0445,8,0.195,-7.435,1,0.0789,122.991,4,0.432
163,2015-05-18,5CYAFhywQTXdZmppCp0ukd,Claude VonStroke,https://p.scdn.co/mp3-preview/73a49c19d4f10cc4bf61141b3036f55e064a279a?cid=142c36ced4ff4aa68d784c0db9923467,7bFOkwjxOcGaw6ZULE58Mh,383953,Make A Cake - Original Mix,46,0.00117,0.826,383953,0.65,0.807,1,0.0439,-10.252,1,0.0579,123.993,4,0.402
164,2015-01-27,4FN8WHqUbwkd97WEjoCu7B,Justin Martin,https://p.scdn.co/mp3-preview/df0ba4219fcab6839b5fd6c7958b0fd0d8fdf126?cid=142c36ced4ff4aa68d784c0db9923467,46FZ3nLo2GX5hgazbl6Cbc,409793,Function - Original Mix,34,7e-05,0.854,409794,0.71,0.802,4,0.0885,-9.897,1,0.106,123.991,4,0.528
165,2016-04-20,4FN8WHqUbwkd97WEjoCu7B,Justin Martin,https://p.scdn.co/mp3-preview/f2312e29db13f635c16f6dcfd8411bc65decd124?cid=142c36ced4ff4aa68d784c0db9923467,2QQ6AwPFpcD5JbTt8D2EPZ,318466,Wet Cat (Sooo WET) - Original Mix,21,0.00866,0.774,318467,0.871,0.725,6,0.447,-7.482,0,0.11,123.99,4,0.44
166,2014-01-20,51XwBlYcwOncWffubpVzJy,J. Phlip,https://p.scdn.co/mp3-preview/c583adeebb8f0c9e8ba6235d771228a4f8df1e6b?cid=142c36ced4ff4aa68d784c0db9923467,4ERSFPKsdLdB27dyb7PEv9,332000,Say My Name - Original Mix,17,0.00413,0.796,332000,0.748,0.852,11,0.0512,-6.678,0,0.0482,124.981,4,0.475
167,2015-12-28,6VX5qsFY5qgOtlPS3ymHvd,Wood Holly,https://p.scdn.co/mp3-preview/88a398639f3d46ec6f52ab1c09115cf95949ef8c?cid=142c36ced4ff4aa68d784c0db9923467,4n1CkLArH5N8X71jDeqNWT,343388,Ass Out - Original Mix,32,0.000329,0.826,343389,0.676,0.803,1,0.0523,-9.802,1,0.0604,123.011,4,0.437
168,2016-02-05,6zWcx7zef8u7NfAVhe6iql,Get Real,https://p.scdn.co/mp3-preview/84113acbde90a90019dca25976efaa4bdec85a6c?cid=142c36ced4ff4aa68d784c0db9923467,0QCl9rZxNa6wJDAcLawmy9,331554,Mind Yo Bizness - Original Mix,38,0.000194,0.805,331554,0.655,0.725,7,0.0718,-7.797,0,0.0564,122.026,4,0.607
169,2007-06-14,3H73pVo61GsGGlCzn4k1df,Worthy,https://p.scdn.co/mp3-preview/35da8c525268e290484f18d1b49b2b74fc486889?cid=142c36ced4ff4aa68d784c0db9923467,4QTjMrTZAi9EuDsd62UnXx,373086,Irst_te - Original Mix,1,0.000565,0.809,373087,0.865,0.909,6,0.0667,-6.484,1,0.0513,125.002,4,0.623
170,2012-10-03,4FN8WHqUbwkd97WEjoCu7B,Justin Martin,https://p.scdn.co/mp3-preview/2a4ab2d499b6f15779d02c68c3a3cfdab2110e25?cid=142c36ced4ff4aa68d784c0db9923467,7tR8aX292Bvop3yIM1EAiy,390786,Don't Go - Dusky Remix,41,0.00143,0.785,390786,0.906,0.92,9,0.0568,-8.584,0,0.0595,123.072,4,0.816
171,2014-12-16,2oH7aAiBoiFJHeIUzKdSEY,BOT,https://p.scdn.co/mp3-preview/f8439bd32716955c06ed7cae5378ed9d70f4c385?cid=142c36ced4ff4aa68d784c0db9923467,7yXVhbReFmHXE0e8nSQiho,315009,Roff - Original Mix,16,0.000243,0.802,315010,0.717,0.915,11,0.0552,-8.24,0,0.0581,122.001,4,0.926
172,2016-09-16,1OmOdgwIzub8DYPxQYbbbi,Will Clarke,https://p.scdn.co/mp3-preview/8da5598ab79592af29d66882668f8c12b2e69835?cid=142c36ced4ff4aa68d784c0db9923467,0HJsSQCL7OHiJwvvAMnfpG,350525,Booty Percolatin’,30,0.00725,0.934,350525,0.825,0.071,4,0.0277,-6.268,1,0.155,124.004,4,0.819
173,2016-06-14,5k5eiijuHxrGwXp2Pz37GZ,Justin Jay,https://p.scdn.co/mp3-preview/1204978cc3a8dda6b1582585520c05955fb2c392?cid=142c36ced4ff4aa68d784c0db9923467,2NuWlTM1NbLad6L6cu2NCF,404709,Broke The Law - Original Mix,15,0.013,0.841,404710,0.809,0.767,11,0.141,-9.967,1,0.0884,120.009,4,0.438
174,2016-07-29,1lAwVq9MxNJkB0dEY6xNoV,Walker & Royce,https://p.scdn.co/mp3-preview/39549f598663cbdaa0328cba0f9c6f86deaf9e88?cid=142c36ced4ff4aa68d784c0db9923467,2Xd1F3m5UH8WZ8kY4X1ZHS,396882,Boy - Original Mix,26,0.00223,0.737,396883,0.64,0.084,1,0.338,-8.711,1,0.0616,126.001,4,0.407
175,2012-11-14,5CYAFhywQTXdZmppCp0ukd,Claude VonStroke,https://p.scdn.co/mp3-preview/b1590b965c8c0a21044ae6f14e9121d3d7fb9480?cid=142c36ced4ff4aa68d784c0db9923467,22rwBZwYkTGTqG26nE1gGN,296546,Turbosteppa - Original Mix,20,0.00243,0.804,296547,0.61,0.843,9,0.037,-8.233,1,0.0629,124.058,4,0.438
176,2015-05-18,5CYAFhywQTXdZmppCp0ukd,Claude VonStroke,https://p.scdn.co/mp3-preview/2734e04034c0b637cd22437f264fbef72580cb2d?cid=142c36ced4ff4aa68d784c0db9923467,6auJhEHRn0kSNTFArpPRre,362795,Barrump - Original Mix,39,4.34e-05,0.81,362796,0.763,0.933,11,0.0677,-8.662,1,0.0724,123.995,4,0.391
177,2016-02-12,1cfwUSXEE2axXJGQfnfVFH,Sage Armstrong,https://p.scdn.co/mp3-preview/d39075b00884841d81254d833c3d26212bc24a90?cid=142c36ced4ff4aa68d784c0db9923467,3fSqAvIXTVaxP8PqxuYWxC,290039,Quest To The West - Original Mix,25,0.00848,0.791,290039,0.544,0.325,9,0.0751,-7.055,1,0.0791,129.978,4,0.261
178,2018-06-22,7jEzKif1MJE7wODAuWBNOR,Fabricio Pecanha,https://p.scdn.co/mp3-preview/1193a137dfc79e18f3fd7cb19738045f24e9d541?cid=142c36ced4ff4aa68d784c0db9923467,3AWnlRsXSNWEUGwlfn1FB8,342939,Crushing Down,38,0.00871,0.774,342939,0.683,0.848,0,0.0967,-7.073,1,0.2,123.957,4,0.297
179,2018-06-22,6qUIkccSn5FOBpypQuukFt,Tom Reed,https://p.scdn.co/mp3-preview/1df7aa9aaa583e70075914c87279f9db99b4006d?cid=142c36ced4ff4aa68d784c0db9923467,1hCWpsyAs6tnkOerXGPIvw,391685,Alert,17,0.000422,0.797,391686,0.837,0.924,9,0.101,-11.795,1,0.0591,124.004,4,0.0505
180,2018-06-22,62k2bla0VEvPaPaGTAlgjZ,Fickry,https://p.scdn.co/mp3-preview/b8054c73bc91ce3acba1dd445e5987e46bcf6a7c?cid=142c36ced4ff4aa68d784c0db9923467,5k8MfNJXhYPbx6vcmGctlQ,370577,Atari,17,0.000171,0.807,370577,0.985,0.804,1,0.149,-6.382,0,0.053,124.985,4,0.862
181,2018-06-22,2RGCVHkfmLPJcZVrPBsvY0,Not The Father,https://p.scdn.co/mp3-preview/795ad4a54d781d2e5275930fea2ad14382da0c79?cid=142c36ced4ff4aa68d784c0db9923467,2QTgGOUrHCd18OvZOk1VNx,313794,AEIOU,19,0.000362,0.895,313795,0.618,0.68,11,0.211,-8.911,1,0.211,123.987,4,0.254
182,2018-06-22,4FUZzDnu4gBue46G99hesO,Chambray,https://p.scdn.co/mp3-preview/8473e77f510403f6e79fab08c52e628ae66ccce9?cid=142c36ced4ff4aa68d784c0db9923467,0CzRszvA4WCaFSmdqcmcLa,337807,Evenue,14,0.00789,0.678,337808,0.624,0.971,6,0.0582,-10.12,1,0.167,125.999,4,0.716
183,2018-06-22,6Y3FCZA50anf3ukg9O7ZLq,Gorge,https://p.scdn.co/mp3-preview/07a2f02082215bd7f8d867e0cb4a41f5194d47c8?cid=142c36ced4ff4aa68d784c0db9923467,1DNUJb3l5sP9KLXTbKgIWg,421718,Way Back,15,0.00016,0.837,421719,0.629,0.87,1,0.101,-7.682,0,0.0538,122.963,4,0.0632
184,2018-06-22,7Eta0kcI8rJdt1maKgPrgS,Get Cozy,https://p.scdn.co/mp3-preview/611a344f7daf3e13384bdc6d3460e20feedec920?cid=142c36ced4ff4aa68d784c0db9923467,1fwwIEnSvTonfUM1YkRz0x,383757,Get Up,16,0.00632,0.807,383757,0.633,0.713,1,0.125,-8.24,1,0.0989,120.0,4,0.0897
185,2018-06-22,1NuBuDM9cl9FJowKGetfCS,DKING,https://p.scdn.co/mp3-preview/43ae4ed77999f0bf6b8ace3d9cf39877936c7faa?cid=142c36ced4ff4aa68d784c0db9923467,0XKIUR0HkQVFa5CdQn5dty,358137,Do It,15,0.00106,0.883,358137,0.629,0.805,10,0.152,-7.204,0,0.0622,124.005,4,0.107
186,2018-06-22,3OsEdeMsQIAdDi2OduzED7,Joeski,https://p.scdn.co/mp3-preview/a65d8e9ad7709d6ee37358f09c7b0ecba7b89363?cid=142c36ced4ff4aa68d784c0db9923467,0SPfnfjSMN6M88MivuH7d3,624766,Mind Body Soul,15,0.00177,0.949,624767,0.694,0.808,9,0.608,-6.306,1,0.171,123.003,4,0.831
187,2018-06-22,78fAtGKcAeu68c4mPLo9Q9,FeR BR,https://p.scdn.co/mp3-preview/594dcccdd23b6c092b16f08e0836bfff38f5f0bd?cid=142c36ced4ff4aa68d784c0db9923467,0q5W5R42qYBIcRRJDO82sI,435262,Empty Space,15,0.0043,0.813,435263,0.419,0.856,6,0.11,-12.473,1,0.0823,124.01,4,0.167
188,2017-02-24,4FN8WHqUbwkd97WEjoCu7B,Justin Martin,https://p.scdn.co/mp3-preview/ff8c05d1a5a932bfd772bffa058f42f2a493350e?cid=142c36ced4ff4aa68d784c0db9923467,2BHpMu7vfaY0sbQqc2dP3h,399360,Wet Cat (Sooo WET) - Redlight's Damp Dog Remix,15,0.000289,0.803,399360,0.997,0.94,4,0.0692,-5.148,1,0.0498,125.0,4,0.774
189,2017-02-24,4FN8WHqUbwkd97WEjoCu7B,Justin Martin,https://p.scdn.co/mp3-preview/35db822d7249a70f973bcaa801d54d85e413664a?cid=142c36ced4ff4aa68d784c0db9923467,5lxXcFgjMrnZBrTLq74HzN,371970,Odyssey - Kyle Watson Remix,25,0.0106,0.851,371970,0.661,0.848,6,0.236,-9.077,1,0.0768,124.006,4,0.438
190,2017-02-24,4FN8WHqUbwkd97WEjoCu7B,Justin Martin,https://p.scdn.co/mp3-preview/19314fa70af43ef81864fec1cb133a3fd8fac8f8?cid=142c36ced4ff4aa68d784c0db9923467,6MtPDAH26SJhhsZTjkIknT,362392,Midnight - Doorly Remix,16,0.0197,0.722,362393,0.861,0.903,10,0.0801,-5.488,0,0.0416,122.006,4,0.504
191,2017-02-24,4FN8WHqUbwkd97WEjoCu7B,Justin Martin,https://p.scdn.co/mp3-preview/2550efc7983139d0106b59bd42d8e5cfd27e829c?cid=142c36ced4ff4aa68d784c0db9923467,594KVnmWLKzm0eEdCp6GYA,303751,Back to the Jungle - DJ Marky Remix,15,8.53e-05,0.6,303752,0.93,0.946,2,0.383,-1.904,1,0.0644,169.983,4,0.368
192,2017-02-24,4FN8WHqUbwkd97WEjoCu7B,Justin Martin,https://p.scdn.co/mp3-preview/36763d4957efdb00a10ad4f113cd6de067a92633?cid=142c36ced4ff4aa68d784c0db9923467,2dBvMMfGC548eYo1TIZurI,349596,Rabbit Hole - Lenny Kiser Remix,30,0.0146,0.818,349596,0.682,0.647,1,0.0456,-6.606,1,0.0478,124.99,4,0.137
193,2017-02-24,4FN8WHqUbwkd97WEjoCu7B,Justin Martin,https://p.scdn.co/mp3-preview/bc9d9e97ccad08f00aa2981a0f0c742505be400e?cid=142c36ced4ff4aa68d784c0db9923467,7v1jbeeAsWC23R1EFc8vmP,300645,Hello Clouds - Jakwob Remix,20,0.00891,0.777,300646,0.964,0.847,0,0.0614,-4.905,0,0.046,122.999,4,0.688
194,2017-02-24,4FN8WHqUbwkd97WEjoCu7B,Justin Martin,https://p.scdn.co/mp3-preview/7cc2f3d0825fab55ff488f834c0870aedbfbca43?cid=142c36ced4ff4aa68d784c0db9923467,7f5RpW9QmCTbspFdichmAU,448931,Midnight - Soul Clap Remix,14,0.0453,0.698,448932,0.946,0.864,5,0.139,-5.41,0,0.0528,123.0,4,0.784
195,2017-02-24,4FN8WHqUbwkd97WEjoCu7B,Justin Martin,https://p.scdn.co/mp3-preview/d41c8a7816bbc49ee9a0150585ec929365347783?cid=142c36ced4ff4aa68d784c0db9923467,22lgjlmrqqvY4mxkcbEMCk,333807,The Feels - Low Steppa Remix,16,0.00451,0.683,333808,0.875,0.723,7,0.287,-5.041,1,0.0498,123.027,4,0.579
196,2017-02-24,4FN8WHqUbwkd97WEjoCu7B,Justin Martin,https://p.scdn.co/mp3-preview/0aea24600d13d55036b867287ef901e7cb9b9a71?cid=142c36ced4ff4aa68d784c0db9923467,6bkUc0EUwH9hf4Amf4C79r,399761,Rabbit Hole - Little By Little Vocal Mix,16,0.000443,0.812,399762,0.988,0.959,9,0.0553,-7.231,0,0.0422,124.997,4,0.727
197,2017-02-24,4FN8WHqUbwkd97WEjoCu7B,Justin Martin,https://p.scdn.co/mp3-preview/62d688e1cb998d18a528a2d17721503a7ace3e12?cid=142c36ced4ff4aa68d784c0db9923467,6JJ25hnd7EfXV9rVQrEAZx,401431,Rabbit Hole - Little By Little Dub Mix,12,0.000512,0.813,401432,0.993,0.955,9,0.0546,-6.397,0,0.0402,125.001,4,0.694
198,2017-05-19,7FhUEuhPe1odyNav1iHfvd,DJ Glen,https://p.scdn.co/mp3-preview/6e3ba6dd8e01ca76c6b2f6cba2e4d42029db1e03?cid=142c36ced4ff4aa68d784c0db9923467,0HHWirj6jCFRXifQ9INstA,376735,Move Your Bone,15,0.00694,0.752,376736,0.881,0.0804,1,0.0861,-8.517,0,0.0583,122.98,4,0.798
199,2017-05-19,6yV0PO4QZx0wYeVy4JA3m1,Seumas Norv,https://p.scdn.co/mp3-preview/cd12055227a0e86b0f8a2a0a037dc021f611e71b?cid=142c36ced4ff4aa68d784c0db9923467,74rrNjXz8EhQ3NbsU31gaf,303603,Wuvulu,9,4.21e-05,0.856,303604,0.388,0.00329,11,0.056,-8.225,0,0.0577,122.992,4,0.255
200,2017-05-19,1WgTo4bxo2z6o5pHar8HhQ,Tekla,https://p.scdn.co/mp3-preview/834f01129bab05c6affdd45ab2f3121c3199a61e?cid=142c36ced4ff4aa68d784c0db9923467,0xgE5eHy76j5dfMDzOlASh,459047,Shake,10,0.00022,0.801,459048,0.858,0.251,4,0.411,-6.639,0,0.0642,125.978,4,0.158
201,2017-05-19,5YjvMkjdrBGdoegUvgu4pu,Holt 88,https://p.scdn.co/mp3-preview/a9d7fd82d600bf25dfeb05d99c213441cf92654a?cid=142c36ced4ff4aa68d784c0db9923467,1hBcyhKneWl8dvJrOjAOko,367968,Burn It Down,17,0.00116,0.81,367969,0.458,0.679,11,0.116,-7.285,0,0.0518,123.009,4,0.31
202,2017-05-19,1knGWlrbwoP8bYl8TPq74x,Sam Swindle,https://p.scdn.co/mp3-preview/84a38a4a2c3a7ade15d78631be316decae2fc524?cid=142c36ced4ff4aa68d784c0db9923467,5vX8iAdFHMKpJx48uNU9tv,294671,Disco Slut,11,0.000187,0.888,294671,0.791,0.81,11,0.0957,-6.615,0,0.0502,124.01,4,0.461
203,2017-05-19,1OmOdgwIzub8DYPxQYbbbi,Will Clarke,https://p.scdn.co/mp3-preview/c09e9e9bd999df4932797c1570fa094d768ed43a?cid=142c36ced4ff4aa68d784c0db9923467,2ESRVTzDIh621Hz9i2FOGV,2907096,Dirtybird BBQ: Secret Ingredients - Continuous DJ Mix,9,0.00177,0.845,2907097,0.662,0.202,11,0.0682,-8.636,0,0.0479,123.989,4,0.299
204,2017-06-09,6gssIbF04dCX3COZvyr0JF,Bruno Furlan,https://p.scdn.co/mp3-preview/7f78d401c1bb65f4a32836cef858458d26c9f361?cid=142c36ced4ff4aa68d784c0db9923467,0bVHIt0pVhmRqYlObcWep0,414729,Orange Juice,10,8.75e-05,0.811,414730,0.529,0.823,0,0.0688,-12.226,1,0.0608,123.988,4,0.368
